Nephila,a,b
W1,1056.81,140.1225
W12,1579.81,143.2625
W15,2118.32,1016.575
W25,1383.96,1035.415
W27,1044.05,542.63125
Y1,1562.54,1692.65625
Y3,509.66,1344.90125
Y9,3513.07,416.4425
Y14,1854.56,842.50125
Y25,1369.43,538.51
